﻿[{"click_timestamp":1637836155,"reason_str":"","TLogEventID":10406,"reason":0},{"click_timestamp":1637836155,"reason_str":"","TLogEventID":10406,"reason":0},{"click_timestamp":1637836155,"reason_str":"","TLogEventID":10406,"reason":0},{"click_timestamp":1637836155,"reason_str":"","TLogEventID":10406,"reason":0},{"click_timestamp":1637836155,"reason_str":"","TLogEventID":10406,"reason":0},{"click_timestamp":1637836155,"reason_str":"","TLogEventID":10406,"reason":0},{"click_timestamp":1637836155,"reason_str":"","TLogEventID":10406,"reason":0},{"click_timestamp":1637836156,"reason_str":"","TLogEventID":10406,"reason":0},{"click_timestamp":1637836156,"reason_str":"","TLogEventID":10406,"reason":0},{"click_timestamp":1637836157,"reason_str":"","TLogEventID":10409,"reason":0}]