﻿{"HaveShowBubbleNum":1,"LoginTime":1637836157,"1104001021":{"Jump":"game://?module=10003&Tab1=1&itemId=1104001021\n","FromType":3,"Duration":60,"ItemID":1104001021,"Cdn":"https://www.pubgmobile.com/pictures/M5YXLM/LV35.png","EndTime":1638576000,"StartTime":1637460000,"LastClickServerTime":0},"1406169":{"Jump":"game://?module=10003&Tab1=5&itemId=1406169","FromType":3,"Duration":60,"ItemID":1406169,"Cdn":"https://www.pubgmobile.com/pictures/M5YXLM/REEDEM.png","EndTime":1638576000,"StartTime":1637632800,"LastClickServerTime":0},"1406168":{"Jump":"game://?module=10003&Tab1=1&itemId=1406168","FromType":3,"Duration":60,"ItemID":1406168,"Cdn":"https://www.pubgmobile.com/pictures/M5YXLM/LV50.png","EndTime":1638576000,"StartTime":1637287200,"LastClickServerTime":0},"1108001032":{"Jump":"game://?module=10003&Tab1=1&itemId=1108001032","FromType":3,"Duration":60,"ItemID":1108001032,"Cdn":"https://www.pubgmobile.com/pictures/M5YXLM/LV20.png","EndTime":1638576000,"StartTime":1637460000,"LastClickServerTime":0},"1103001122":{"Jump":"game://?module=10003&Tab1=1&itemId=1103001122","FromType":3,"Duration":60,"ItemID":1103001122,"Cdn":"https://www.pubgmobile.com/pictures/M5YXLM/LV40.png","EndTime":1638576000,"StartTime":1637287200,"LastClickServerTime":0},"1406170":{"Jump":"game://?module=10003&Tab1=1&itemId=1406170","FromType":3,"Duration":60,"ItemID":1406170,"Cdn":"https://www.pubgmobile.com/pictures/M5YXLM/LV01.png","EndTime":1638576000,"StartTime":1637287200,"LastClickServerTime":0}}